<FlashTemplate>
  <Name>Two videos side-by-side with TOC</Name>
  <ID>5</ID>
  <Parts>
   <ColorVideo1>E8D2AE</ColorVideo1>
   <ColorVideo2>889AF3</ColorVideo2>
   <ColorControls>9BF7FB</ColorControls>
   <ColorTOC>80E89A</ColorTOC>
   <HasVideo1>1</HasVideo1>
   <HasVideo2>1</HasVideo2>
   <HasTOC>1</HasTOC>
   <HasControls>1</HasControls>
  </Parts>
  <Video1>
    <left>74</left>
    <top>1</top>
    <right>238</right>
    <bottom>160</bottom>
  </Video1>
  <Video2>
    <left>1</left>
    <top>1</top>
    <right>72</right>
    <bottom>58</bottom>
    <EgoCast>0</EgoCast>
  </Video2>
  <TOC>
    <left>1</left>
    <top>60</top>
    <right>72</right>
    <bottom>160</bottom>
    <PopUp>0</PopUp>
  </TOC>
  <Controls>
    <left>1</left>
    <top>162</top>
    <right>238</right>
    <bottom>178</bottom>
  </Controls>
  <UsesPIP>0</UsesPIP>
  <UsesPAP>1</UsesPAP>
</FlashTemplate>