<FlashTemplate>
  <Name>ExpressShow avec incrustation d&apos;images</Name>
  <ID>9</ID>
  <Parts>
   <ColorVideo1>E8D2AE</ColorVideo1>
   <ColorVideo2>889AF3</ColorVideo2>
   <ColorControls>000000</ColorControls>
   <ColorTOC>000000</ColorTOC>
   <HasVideo1>1</HasVideo1>
   <HasVideo2>1</HasVideo2>
   <HasTOC>0</HasTOC>
   <HasControls>1</HasControls>
   <SingleSWF>1</SingleSWF>
  </Parts>
  <Video1>
    <left>1</left>
    <top>1</top>
    <right>238</right>
    <bottom>160</bottom>
  </Video1>
  <Video2>
    <left>172</left>
    <top>115</top>
    <right>224</right>
    <bottom>150</bottom>
    <EgoCast>0</EgoCast>
  </Video2>
  <Controls>
    <left>1</left>
    <top>162</top>
    <right>238</right>
    <bottom>178</bottom>
  </Controls>
  <UsesPIP>1</UsesPIP>
  <UsesPAP>0</UsesPAP>
</FlashTemplate>