<FlashTemplate>
  <Name>ExpressShow mit Inhaltsverzeichnis</Name>
  <ID>7</ID>
  <Parts>
   <ColorVideo1>E8D2AE</ColorVideo1>
   <ColorVideo2>889AF3</ColorVideo2>
   <ColorControls>000000</ColorControls>
   <ColorTOC>000000</ColorTOC>
   <HasVideo1>1</HasVideo1>
   <HasVideo2>0</HasVideo2>
   <HasTOC>1</HasTOC>
   <HasControls>1</HasControls>
   <SingleSWF>1</SingleSWF>
  </Parts>
  <Video1>
    <left>74</left>
    <top>1</top>
    <right>238</right>
    <bottom>160</bottom>
  </Video1>
  <TOC>
    <left>1</left>
    <top>1</top>
    <right>72</right>
    <bottom>160</bottom>
    <PopUp>0</PopUp>
  </TOC>
  <Controls>
    <left>1</left>
    <top>162</top>
    <right>238</right>
    <bottom>178</bottom>
  </Controls>
  <UsesPIP>0</UsesPIP>
  <UsesPAP>0</UsesPAP>
</FlashTemplate>