<FlashTemplate>
  <Name>Une vid�o</Name>
  <ID>0</ID>
  <Parts>
   <ColorVideo1>E8D2AE</ColorVideo1>
   <ColorVideo2>889AF3</ColorVideo2>
   <ColorControls>9BF7FB</ColorControls>
   <ColorTOC>80E89A</ColorTOC>
   <HasVideo1>1</HasVideo1>
   <HasVideo2>0</HasVideo2>
   <HasTOC>0</HasTOC>
   <HasControls>1</HasControls>
  </Parts>
  <Video1>
    <left>1</left>
    <top>1</top>
    <right>238</right>
    <bottom>160</bottom>
  </Video1>
  <Controls>
    <left>1</left>
    <top>162</top>
    <right>238</right>
    <bottom>178</bottom>
  </Controls>
  <UsesPIP>0</UsesPIP>
  <UsesPAP>0</UsesPAP>
</FlashTemplate>