﻿<iTunes_Categories>
<Arts>
	<Name>アート</Name>
	<Design>デザイン</Design>
	<Fashion_&_Beauty>ファッション／美容</Fashion_&_Beauty>
	<Food>フード</Food>
	<Literature>文学</Literature>
	<Performing_Arts>パフォーミングアート</Performing_Arts>
	<Visual_Arts>ビジュアルアート</Visual_Arts>
</Arts>
<Business>
	<Name>ビジネス</Name>
	<Business_News>キャリア</Business_News>
	<Careers>ショッピング</Careers>
	<Investing>ビジネスニュース</Investing>
	<Management_&_Marketing>投資</Management_&_Marketing>
	<Shopping>経営／マーケティング</Shopping>
</Business>
<Comedy>
	<Name>コメディ</Name>
</Comedy>
<Education>
	<Name>教育</Name>
	<Educational_Technology>トレーニング</Educational_Technology>
	<Higher_Ed>大学以上</Higher_Ed>
	<K-12>幼稚園〜高校</K-12>
	<Language_Courses>教育技術</Language_Courses>
	<Training>言語コース</Training>	
</Education>
<Games_&_Hobbies>
	<Name>ゲーム／趣味</Name>
	<Automotive>その他のゲーム</Automotive>
	<Aviation>ビデオゲーム</Aviation>
	<Hobbies>自動車</Hobbies>
	<Other_Games>航空</Other_Games>
	<Video_Games>趣味</Video_Games>
</Games_&_Hobbies>
<Government_&_Organizations>
	<Name>行政／団体</Name>
	<Local>ローカル</Local>
	<National>国</National>
	<Non-Profit>地方自治体</Non-Profit>
	<Regional>非営利</Regional>
</Government_&_Organizations>
<Health>
	<Name>健康</Name>
	<Alternative_Health>セクシャリティ</Alternative_Health>
	<Fitness_&_Nutrition>セルフヘルプ</Fitness_&_Nutrition>
	<Self-Help>フィットネス／栄養</Self-Help>
	<Sexuality>代替療法</Sexuality>
</Health>
<Kids_&_Family>
	<Name>キッズ／ファミリー</Name>
</Kids_&_Family>
<Music>
	<Name>ミュージック</Name>
</Music>
<News_&_Politics>
	<Name>ニュース／政治</Name>
</News_&_Politics>
<Religion_&_Spirituality>
	<Name>宗教&スピリチュアル</Name>
	<Buddhism>その他</Buddhism>
	<Christianity>イスラム教</Christianity>
	<Hinduism>キリスト教</Hinduism>
	<Islam>スピリチュアリティ</Islam>
	<Judaism>ヒンズー教</Judaism>
	<Other>ユダヤ教</Other>
	<Spirituality>仏教</Spirituality>
</Religion_&_Spirituality>
<Science_&_Medicine>
	<Name>科学／医学</Name>
	<Medicine>医学</Medicine>
	<Natural_Sciences>自然科学</Natural_Sciences>
	<Social_Sciences>社会科学</Social_Sciences>
</Science_&_Medicine>
<Society_&_Culture>
	<Name>社会／文化</Name>
	<History>個人ジャーナル</History>
	<Personal_Journals>哲学</Personal_Journals>
	<Philosophy>地域情報／トラベル</Philosophy>
	<Places_&_Travel>歴史</Places_&_Travel>
</Society_&_Culture>
<Sports_&_Recreation>
	<Name>スポーツ／レクリエーション</Name>
	<Amateur>アウトドア</Amateur>
	<College_&_High_School>アマチュア</College_&_High_School>
	<Outdoor>プロ</Outdoor>
	<Professional>大学／高校</Professional>
</Sports_&_Recreation>
<Technology>
	<Name>テクノロジー</Name>
	<Gadgets>Techニュース</Gadgets>
	<IT_News>ガジェット</IT_News>
	<Podcasting>ソフトウェア ハウトゥ</Podcasting>
	<Software_How-To>ポッドキャスティング</Software_How-To>
</Technology>
<TV_&_Film>
	<Name>テレビ／映画</Name>
</TV_&_Film>
</iTunes_Categories>