﻿<iTunes_Categories>
<Arts>
	<Name>Arts</Name>
	<Design>Design</Design>
	<Fashion_&_Beauty>Mode et beauté</Fashion_&_Beauty>
	<Food>Gastronomie</Food>
	<Literature>Littérature</Literature>
	<Performing_Arts>Arts du spectacle</Performing_Arts>
	<Visual_Arts>Arts visuels</Visual_Arts>
</Arts>
<Business>
	<Name>Economie et entreprise</Name>
	<Business_News>L'actualité commerciale</Business_News>
	<Careers>Emplois</Careers>
	<Investing>Investissements</Investing>
	<Management_&_Marketing>Gestion et marketing</Management_&_Marketing>
	<Shopping>Shopping</Shopping>
</Business>
<Comedy>
	<Name>Humour</Name>
</Comedy>
<Education>
	<Name>Enseignement</Name>
	<Educational_Technology>Formation en ligne</Educational_Technology>
	<Higher_Ed>Enseignement supérieur</Higher_Ed>
	<K-12>Primaire et secondaire</K-12>
	<Language_Courses>Cours de langues</Language_Courses>
	<Training>Formation</Training>
</Education>
<Games_&_Hobbies>
	<Name>Jeux et hobbies</Name>
	<Automotive>Automobile</Automotive>
	<Aviation>Aviation</Aviation>
	<Hobbies>Hobbies</Hobbies>
	<Other_Games>Autres jeux</Other_Games>
	<Video_Games>Jeux vidéo et informatiques</Video_Games>
</Games_&_Hobbies>
<Government_&_Organizations>
	<Name>Gouvernement et organismes</Name>
	<Local>Locaux</Local>
	<National>National</National>
	<Non-Profit>A but non lucratif</Non-Profit>
	<Regional>Niveau régional</Regional>
</Government_&_Organizations>
<Health>
	<Name>Santé</Name>
	<Alternative_Health>Médecine parallèle</Alternative_Health>
	<Fitness_&_Nutrition>Forme et nutrition</Fitness_&_Nutrition>
	<Self-Help>Autothérapie</Self-Help>
	<Sexuality>Sexualité</Sexuality>
</Health>
<Kids_&_Family>
	<Name>Parents et enfants</Name>
</Kids_&_Family>
<Music>
	<Name>Musique</Name>
</Music>
<News_&_Politics>
	<Name>Actualités et politique</Name>
</News_&_Politics>
<Religion_&_Spirituality>
	<Name>Religion et spiritualité</Name>
	<Buddhism>Bouddhisme</Buddhism>
	<Christianity>Christianisme</Christianity>
	<Hinduism>Hindouisme</Hinduism>
	<Islam>Islam</Islam>
	<Judaism>Judaïsme</Judaism>
	<Other>Autres</Other>
	<Spirituality>Spiritualité</Spirituality>
</Religion_&_Spirituality>
<Science_&_Medicine>
	<Name>Sciences et médecine</Name>
	<Medicine>Médecine</Medicine>
	<Natural_Sciences>Sciences naturelles</Natural_Sciences>
	<Social_Sciences>Sciences sociales</Social_Sciences>
</Science_&_Medicine>
<Society_&_Culture>
	<Name>Culture et société</Name>
	<History>Histoire et sciences humaines</History>
	<Personal_Journals>Journaux personnels</Personal_Journals>
	<Philosophy>Philosophie</Philosophy>
	<Places_&_Travel>Destinations et voyages</Places_&_Travel>
</Society_&_Culture>
<Sports_&_Recreation>
	<Name>Sports et loisirs</Name>
	<Amateur>Sports amateurs</Amateur>
	<College_&_High_School>Sports scolaires et universitaires</College_&_High_School>
	<Outdoor>Plein air</Outdoor>
	<Professional>Sports professionnels</Professional>
</Sports_&_Recreation>
<Technology>
	<Name>Technologies</Name>
	<Gadgets>Gadgets</Gadgets>
	<IT News>L'actualité techno</IT News>
	<Podcasting>Podcast</Podcasting>
	<Software_How-To>Tutoriels</Software_How-To>
</Technology>
<TV_&_Film>
	<Name>Télévision et cinéma</Name>
</TV_&_Film>
</iTunes_Categories>