﻿<iTunes_Categories>
<Arts>
	<Name>Kunst</Name>
	<Design>Design</Design>
	<Fashion_&_Beauty>Mode und Schönheit</Fashion_&_Beauty>
	<Food>Essen</Food>
	<Literature>Literatur</Literature>
	<Performing_Arts>Darstellende Kunst</Performing_Arts>
	<Visual_Arts>Bildende Kunst</Visual_Arts>
</Arts>
<Business>
	<Name>Wirtschaft</Name>
	<Business_News>Wirtschaftsnachrichten</Business_News>
	<Careers>Karriere</Careers>
	<Investing>Investment</Investing>
	<Management_&_Marketing>Management und Marketing</Management_&_Marketing>
	<Shopping>Shopping</Shopping>
</Business>
<Comedy>
	<Name>Comedy</Name>
</Comedy>
<Education>
	<Name>Bildung</Name>
	<Educational_Technology>Bildungstechnologie</Educational_Technology>
	<Higher_Ed>Höhere Bildung</Higher_Ed>
	<K-12>Schule</K-12>
	<Language_Courses>Sprachkurse</Language_Courses>
	<Training>Schulung und Ausbildung</Training>	
</Education>
<Games_&_Hobbies>
	<Name>Spiele & Hobbys</Name>
	<Automotive>Auto</Automotive>
	<Aviation>Luftfahrt</Aviation>
	<Hobbies>Hobbys</Hobbies>
	<Other_Games>Sonstige Spiele</Other_Games>
	<Video_Games>Computer- und Videospiele</Video_Games>
</Games_&_Hobbies>
<Government_&_Organizations>
	<Name>Regierung & NGOs</Name>
	<Local>Örtlich</Local>
	<National>National</National>
	<Non-Profit>Gemeinnützig</Non-Profit>
	<Regional>Regional</Regional>
</Government_&_Organizations>
<Health>
	<Name>Gesundheit</Name>
	<Alternative_Health>Alternative Therapien</Alternative_Health>
	<Fitness_&_Nutrition>Fitness und Ernährung</Fitness_&_Nutrition>
	<Self-Help>Selbsthilfe</Self-Help>
	<Sexuality>Sexualität</Sexuality>
</Health>
<Kids_&_Family>
	<Name>Familie und Kinder</Name>
</Kids_&_Family>
<Music>
	<Name>Musik</Name>
</Music>
<News_&_Politics>
	<Name>Nachrichten und Politik</Name>
</News_&_Politics>
<Religion_&_Spirituality>
	<Name>Religion & Spiritualität</Name>
	<Buddhism>Buddhism</Buddhism>
	<Christianity>Christentum</Christianity>
	<Hinduism>Hinduismus</Hinduism>
	<Islam>Islam</Islam>
	<Judaism>Judentum</Judaism>
	<Other>Anderes</Other>
	<Spirituality>Spiritualität</Spirituality>
</Religion_&_Spirituality>
<Science_&_Medicine>
	<Name>Wissenschaft und Medizin</Name>
	<Medicine>Medizin</Medicine>
	<Natural_Sciences>Naturwissenschaft</Natural_Sciences>
	<Social_Sciences>Sozialwissenschaft</Social_Sciences>
</Science_&_Medicine>
<Society_&_Culture>
	<Name>Gesellschaft und Kultur</Name>
	<History>Geschichte</History>
	<Personal_Journals>Tagebücher</Personal_Journals>
	<Philosophy>Philosophie</Philosophy>
	<Places_&_Travel>Reisen & Orte</Places_&_Travel>
</Society_&_Culture>
<Sports_&_Recreation>
	<Name>Sport und Freizeit</Name>
	<Amateur>Amateursport</Amateur>
	<College_&_High_School>Schul- & Hochschulsport</College_&_High_School>
	<Outdoor>Freiluft</Outdoor>
	<Professional>Profi-Sport</Professional>
</Sports_&_Recreation>
<Technology>
	<Name>Technologie</Name>
	<Gadgets>Geräte</Gadgets>
	<IT News>Neues aus der Technik</IT News>
	<Podcasting>Podcasting</Podcasting>
	<Software_How-To>Software-Tipps</Software_How-To>
</Technology>
<TV_&_Film>
	<Name>Film & Fernsehen</Name>
</TV_&_Film>
</iTunes_Categories>