<?xml version="1.0"?>

<Overlay version="1.0.1">

<Overlay_Filename>arrow_4.png</Overlay_Filename>
<Overlay_Name>Indented Arrow</Overlay_Name>
<Overlay_XGrow>100</Overlay_XGrow>
<Overlay_YGrow>100</Overlay_YGrow>
<Text_Top>40</Text_Top>
<Text_Left>20</Text_Left>
<Text_Bottom>40</Text_Bottom>
<Text_Right>15</Text_Right>
<Vector_Grow>0</Vector_Grow>
<CanRotate_90>1</CanRotate_90>
<CanRotate_180>1</CanRotate_180>
<CanRotate_270>1</CanRotate_270>
<CanFlip_X>0</CanFlip_X>
<CanFlip_X90>0</CanFlip_X90>
<CanFlip_X180>0</CanFlip_X180>
<CanFlip_X270>0</CanFlip_X270>
<Fill_Color>1</Fill_Color>
<Border_Color>1</Border_Color>
<Poly>1,33 120,33 120,4 153,74 120,148 120,120 1,120 14,74</Poly>

</Overlay>