<?xml version="1.0"?>

<Overlay version="1.0.1">

<Overlay_Filename>arrow_2.png</Overlay_Filename>
<Overlay_Name>2-Sided Arrow</Overlay_Name>
<Overlay_XGrow>100</Overlay_XGrow>
<Overlay_YGrow>100</Overlay_YGrow>
<Text_Top>45</Text_Top>
<Text_Left>25</Text_Left>
<Text_Bottom>45</Text_Bottom>
<Text_Right>25</Text_Right>
<Vector_Grow>0</Vector_Grow>
<CanRotate_90>1</CanRotate_90>
<CanRotate_180>0</CanRotate_180>
<CanRotate_270>0</CanRotate_270>
<CanFlip_X>0</CanFlip_X>
<CanFlip_X90>0</CanFlip_X90>
<CanFlip_X180>0</CanFlip_X180>
<CanFlip_X270>0</CanFlip_X270>
<Fill_Color>1</Fill_Color>
<Border_Color>1</Border_Color>
<Poly>42,0 42,39 244,39 244,0 284,97 244,200 244,163 42,163 42,200 2,97</Poly>

</Overlay>