<?xml version="1.0"?>

<Overlay version="1.0.1">

<Overlay_Filename>arrow_3.png</Overlay_Filename>
<Overlay_Name>Curved Arrow</Overlay_Name>
<Overlay_XGrow>100</Overlay_XGrow>
<Overlay_YGrow>100</Overlay_YGrow>
<Text_Top>30</Text_Top>
<Text_Left>65</Text_Left>
<Text_Bottom>120</Text_Bottom>
<Text_Right>15</Text_Right>
<Vector_Grow>0</Vector_Grow>
<CanRotate_90>1</CanRotate_90>
<CanRotate_180>1</CanRotate_180>
<CanRotate_270>1</CanRotate_270>
<CanFlip_X>1</CanFlip_X>
<CanFlip_X90>1</CanFlip_X90>
<CanFlip_X180>1</CanFlip_X180>
<CanFlip_X270>1</CanFlip_X270>
<Fill_Color>1</Fill_Color>
<Border_Color>1</Border_Color>
<Poly>146,0 189,52 146,106 147,79 105,79 91,80 81,81 74,83 66,87 62,91 58,95 55,100 53,106 51,116 52,124 54,133 58,142 63,150 68,156 73,161 78,166 85,171 91,175 96,178 102,182 109,185 96,184 84,183 73,180 64,178 55,174 45,170 36,165 28,159 22,153 16,146 11,138 5,127 2,118 1,110 0,101 1,92 2,82 5,73 10,63 16.5,53 24,45 33,38 44,32 53,28 61,26 70,24 80,23 109,23 147,23</Poly>

</Overlay>