<?xml version="1.0"?>

<Overlay version="1.0.1">

<Overlay_Filename>highlightrectangle.png</Overlay_Filename>
<Overlay_Name>Highlight Rectangle</Overlay_Name>
<Overlay_XGrow>50</Overlay_XGrow>
<Overlay_YGrow>50</Overlay_YGrow>
<Text_Top>5</Text_Top>
<Text_Left>5</Text_Left>
<Text_Bottom>5</Text_Bottom>
<Text_Right>5</Text_Right>
<Vector_Grow>1</Vector_Grow>
<CanRotate_90>0</CanRotate_90>
<CanRotate_180>0</CanRotate_180>
<CanRotate_270>0</CanRotate_270>
<CanFlip_X>0</CanFlip_X>
<CanFlip_X90>0</CanFlip_X90>
<CanFlip_X180>0</CanFlip_X180>
<CanFlip_X270>0</CanFlip_X270>
<Fill_Color>1</Fill_Color>
<Border_Color>0</Border_Color>
<Initial_Fill_Color>0x0000FFFF</Initial_Fill_Color>
<Initial_Border_Color>0x00000000</Initial_Border_Color>
</Overlay>