<?xml version="1.0"?>

<Overlay version="1.0.1">

<Overlay_Filename>Hotspot_100x100.png</Overlay_Filename>
<Overlay_Name>Transparent Hotspot</Overlay_Name>
<Overlay_XGrow>0</Overlay_XGrow>
<Overlay_YGrow>0</Overlay_YGrow>
<Text_Top>0</Text_Top>
<Text_Left>0</Text_Left>
<Text_Bottom>0</Text_Bottom>
<Text_Right>0</Text_Right>
<Vector_Grow>0</Vector_Grow>
<CanRotate_90>0</CanRotate_90>
<CanRotate_180>0</CanRotate_180>
<CanRotate_270>0</CanRotate_270>
<CanFlip_X>0</CanFlip_X>
<CanFlip_X90>0</CanFlip_X90>
<CanFlip_X180>0</CanFlip_X180>
<CanFlip_X270>0</CanFlip_X270>
<Fill_Color>0</Fill_Color>
<Border_Color>0</Border_Color>
</Overlay>