<?xml version="1.0"?>

<Overlay version="1.0.1">

<Overlay_Filename>note.png</Overlay_Filename>
<Overlay_Name>Notepad</Overlay_Name>
<Overlay_XGrow>90</Overlay_XGrow>
<Overlay_YGrow>90</Overlay_YGrow>
<Text_Top>20</Text_Top>
<Text_Left>20</Text_Left>
<Text_Bottom>10</Text_Bottom>
<Text_Right>20</Text_Right>
<Vector_Grow>1</Vector_Grow>
<CanRotate_90>1</CanRotate_90>
<CanRotate_180>1</CanRotate_180>
<CanRotate_270>1</CanRotate_270>
<CanFlip_X>0</CanFlip_X>
<CanFlip_X90>0</CanFlip_X90>
<CanFlip_X180>0</CanFlip_X180>
<CanFlip_X270>0</CanFlip_X270>
<Fill_Color>1</Fill_Color>
<Border_Color>1</Border_Color>
<Initial_Fill_Color>0x0000FFFF</Initial_Fill_Color>
<Initial_Border_Color>0x00000000</Initial_Border_Color>
<Poly>0,32 36,0 176,0 176,176 0,176</Poly>
</Overlay>
