<?xml version="1.0"?>

<Overlay version="1.0.1">

<Overlay_Filename>roundededgerecttransparent.png</Overlay_Filename>
<Overlay_Name>Rounded Rectangle</Overlay_Name>
<Overlay_XGrow>16</Overlay_XGrow>
<Overlay_YGrow>16</Overlay_YGrow>
<Text_Top>10</Text_Top>
<Text_Left>10</Text_Left>
<Text_Bottom>10</Text_Bottom>
<Text_Right>10</Text_Right>
<Vector_Grow>1</Vector_Grow>
<CanRotate_90>0</CanRotate_90>
<CanRotate_180>0</CanRotate_180>
<CanRotate_270>0</CanRotate_270>
<CanFlip_X>0</CanFlip_X>
<CanFlip_X90>0</CanFlip_X90>
<CanFlip_X180>0</CanFlip_X180>
<CanFlip_X270>0</CanFlip_X270>
<Fill_Color>0</Fill_Color>
<Border_Color>1</Border_Color>
<Initial_Width>150</Initial_Width>
<Initial_Height>150</Initial_Height>
</Overlay>